Frag_number,Genotype,Tank_treatment,D_treatment,Round,Date,mass_raw,mass_standardised_sa_grams/cm^2,deltamass_raw,deltamass_standardsa_grams/cm^2/week,percentchange
1,ML2,heat,disease_slurry,r1,10-Jul-19,14.05987098,21.07979356,0,0,0
4,ML2,ambient,disease_slurry,r1,10-Jul-19,11.54274791,17.30590156,0,0,0
5,ML2,heat,disease_slurry,r1,10-Jul-19,20.94885557,31.40836438,0,0,0
6,ML2,ambient,placebo_slurry,r1,10-Jul-19,22.42787876,33.62584587,0,0,0
7,ML2,ambient,s_marcscens,r1,10-Jul-19,14.90803703,22.35143861,0,0,0
9,ML2,heat,s_m_placebo,r1,10-Jul-19,16.32831145,24.48083878,0,0,0
10,ML2,ambient,placebo_slurry,r1,10-Jul-19,23.3052654,34.94130098,0,0,0
11,ML2,ambient,disease_slurry,r1,10-Jul-19,18.79083816,28.17287513,0,0,0
12,ML2,heat,s_marcscens,r1,10-Jul-19,12.72033765,19.07144754,0,0,0
13,ML2,ambient,s_marcscens,r1,10-Jul-19,28.28676069,42.40999629,0,0,0
14,ML2,ambient,disease_slurry,r1,10-Jul-19,#VALUE!,#VALUE!,0,0,0
15,ML2,ambient,disease_slurry,r1,10-Jul-19,19.06720342,28.5872262,0,0,0
16,ML2,ambient,s_marcscens,r1,10-Jul-19,17.69075987,26.52354113,0,0,0
17,ML2,heat,s_marcscens,r1,10-Jul-19,#VALUE!,#VALUE!,0,0,0
18,ML2,heat,s_marcscens,r1,10-Jul-19,17.35549206,26.02087818,0,0,0
19,ML2,ambient,s_marcscens,r1,10-Jul-19,15.26575856,22.88776614,0,0,0
20,ML2,heat,s_m_placebo,r1,10-Jul-19,31.38798796,47.05962862,0,0,0
21,ML2,heat,disease_slurry,r1,10-Jul-19,28.89208826,43.31755656,0,0,0
22,ML2,ambient,s_marcscens,r1,10-Jul-19,26.99967063,40.48027782,0,0,0
24,ML2,heat,s_m_placebo,r1,10-Jul-19,23.99194925,35.97083772,0,0,0
25,ML2,heat,placebo_slurry,r1,10-Jul-19,30.98228315,46.45136033,0,0,0
26,ML2,ambient,s_m_placebo,r1,10-Jul-19,22.30392195,33.43999892,0,0,0
28,ML2,ambient,s_m_placebo,r1,10-Jul-19,17.68368542,26.51293448,0,0,0
29,ML2,heat,s_marcscens,r1,10-Jul-19,29.96771353,44.93022844,0,0,0
30,ML2,ambient,s_m_placebo,r1,10-Jul-19,25.89451719,38.8233347,0,0,0
31,ML2,heat,s_m_placebo,r1,10-Jul-19,23.40846022,35.09601972,0,0,0
32,ML2,heat,s_marcscens,r1,10-Jul-19,15.73144247,23.58596038,0,0,0
33,ML2,ambient,disease_slurry,r1,10-Jul-19,13.66662336,20.4902022,0,0,0
34,ML2,ambient,placebo_slurry,r1,10-Jul-19,20.14636592,30.2052014,0,0,0
35,ML2,heat,placebo_slurry,r1,10-Jul-19,19.54995831,29.31101473,0,0,0
37,ML2,heat,placebo_slurry,r1,10-Jul-19,#VALUE!,#VALUE!,0,0,0
38,ML2,ambient,placebo_slurry,r1,10-Jul-19,16.30447361,24.44509899,0,0,0
39,ML2,ambient,s_m_placebo,r1,10-Jul-19,21.36840171,32.03738481,0,0,0
40,ML2,heat,disease_slurry,r1,10-Jul-19,18.05309518,27.06678605,0,0,0
41,ML2,ambient,s_m_placebo,r1,10-Jul-19,18.66442067,27.98333891,0,0,0
42,CN4,ambient,disease_slurry,r1,10-Jul-19,21.99879748,32.98252952,0,0,0
43,CN4,heat,s_marcscens,r1,10-Jul-19,26.58950584,39.86532272,0,0,0
44,CN4,ambient,disease_slurry,r1,10-Jul-19,17.84901243,26.76080727,0,0,0
45,CN4,heat,disease_slurry,r1,10-Jul-19,29.22920159,43.82298646,0,0,0
47,CN4,heat,placebo_slurry,r1,10-Jul-19,29.62552505,44.41718942,0,0,0
49,CN4,ambient,s_m_placebo,r1,10-Jul-19,18.74300867,28.10116495,0,0,0
50,CN4,ambient,placebo_slurry,r1,10-Jul-19,23.7878665,35.66485894,0,0,0
51,CN4,heat,s_marcscens,r1,10-Jul-19,18.08077784,27.10829033,0,0,0
52,CN4,heat,s_m_placebo,r1,10-Jul-19,27.83630224,41.73462941,0,0,0
53,CN4,ambient,placebo_slurry,r1,10-Jul-19,26.02662501,39.02140235,0,0,0
54,CN4,ambient,s_marcscens,r1,10-Jul-19,13.36103752,20.03204106,0,0,0
55,CN4,ambient,s_marcscens,r1,10-Jul-19,17.23753316,25.84402382,0,0,0
56,CN4,heat,s_marcscens,r1,10-Jul-19,16.71786805,25.06489624,0,0,0
57,CN4,ambient,s_m_placebo,r1,10-Jul-19,20.72370324,31.07079623,0,0,0
58,CN4,ambient,placebo_slurry,r1,10-Jul-19,23.45429041,35.16473236,0,0,0
59,CN4,ambient,s_marcscens,r1,10-Jul-19,27.77939899,41.64931505,0,0,0
61,CN4,ambient,s_marcscens,r1,10-Jul-19,22.53168875,33.78148692,0,0,0
63,CN4,heat,s_m_placebo,r1,10-Jul-19,11.70761355,17.5530826,0,0,0
64,CN4,heat,placebo_slurry,r1,10-Jul-19,12.51133354,18.75809022,0,0,0
66,CN4,ambient,s_m_placebo,r1,10-Jul-19,17.01545668,25.51106726,0,0,0
67,CN4,ambient,placebo_slurry,r1,10-Jul-19,20.77983753,31.15495769,0,0,0
68,CN4,heat,disease_slurry,r1,10-Jul-19,11.60534148,17.39974735,0,0,0
69,CN4,ambient,s_marcscens,r1,10-Jul-19,11.27914743,16.91068857,0,0,0
70,CN4,heat,placebo_slurry,r1,10-Jul-19,14.8423676,22.25298123,0,0,0
71,CN4,heat,s_m_placebo,r1,10-Jul-19,20.24140973,30.34769943,0,0,0
72,CN4,heat,s_m_placebo,r1,10-Jul-19,18.01664634,27.01213874,0,0,0
73,CN4,heat,disease_slurry,r1,10-Jul-19,13.40302289,20.09498922,0,0,0
74,CN4,heat,placebo_slurry,r1,10-Jul-19,16.53516247,24.79096799,0,0,0
75,CN4,heat,s_marcscens,r1,10-Jul-19,#VALUE!,#VALUE!,0,0,0
76,CN4,heat,disease_slurry,r1,10-Jul-19,15.5402783,23.29935026,0,0,0
77,CN4,ambient,placebo_slurry,r1,10-Jul-19,19.74589005,29.60477281,0,0,0
78,CN4,heat,s_m_placebo,r1,10-Jul-19,19.8338594,29.73666419,0,0,0
79,CN4,ambient,disease_slurry,r1,10-Jul-19,14.87235715,22.2979442,0,0,0
80,CN4,ambient,disease_slurry,r1,10-Jul-19,15.81464425,23.7107038,0,0,0
81,CN4,heat,s_marcscens,r1,10-Jul-19,18.77022996,28.1419775,0,0,0
82,CN4,heat,placebo_slurry,r1,10-Jul-19,26.33359499,39.48163871,0,0,0
83,CN2,heat,s_m_placebo,r1,10-Jul-19,26.51937642,39.76017855,0,0,0
84,CN2,ambient,s_m_placebo,r1,10-Jul-19,22.55091282,33.81030934,0,0,0
85,CN2,heat,placebo_slurry,r1,10-Jul-19,23.99394855,35.97383525,0,0,0
86,CN2,heat,s_m_placebo,r1,10-Jul-19,18.72824458,28.07902934,0,0,0
87,CN2,heat,placebo_slurry,r1,10-Jul-19,18.43234767,27.63539469,0,0,0
88,CN2,heat,placebo_slurry,r1,10-Jul-19,17.35902929,26.0261815,0,0,0
89,CN2,ambient,placebo_slurry,r1,10-Jul-19,27.69096826,41.51673194,0,0,0
90,CN2,ambient,disease_slurry,r1,10-Jul-19,25.95449629,38.91326064,0,0,0
91,CN2,heat,disease_slurry,r1,10-Jul-19,20.78060649,31.15611059,0,0,0
92,CN2,ambient,placebo_slurry,r1,10-Jul-19,17.23753316,25.84402382,0,0,0
93,CN2,heat,s_marcscens,r1,10-Jul-19,18.66657376,27.98656702,0,0,0
94,CN2,heat,disease_slurry,r1,10-Jul-19,22.32822117,33.47643046,0,0,0
95,CN2,heat,s_marcscens,r1,10-Jul-19,16.67372958,24.99871997,0,0,0
96,CN2,ambient,s_m_placebo,r1,10-Jul-19,13.40333048,20.09545037,0,0,0
98,CN2,heat,s_marcscens,r1,10-Jul-19,22.07969237,33.10381425,0,0,0
99,CN2,heat,s_marcscens,r1,10-Jul-19,23.87860412,35.80090075,0,0,0
101,CN2,heat,placebo_slurry,r1,10-Jul-19,22.83696701,34.2391869,0,0,0
102,CN2,ambient,s_m_placebo,r1,10-Jul-19,14.12246455,21.17363935,0,0,0
103,CN2,ambient,disease_slurry,r1,10-Jul-19,#VALUE!,#VALUE!,0,0,0
104,CN2,ambient,placebo_slurry,r1,10-Jul-19,13.08190399,19.61353956,0,0,0
105,CN2,ambient,placebo_slurry,r1,10-Jul-19,17.07605095,25.60191552,0,0,0
106,CN2,ambient,s_marcscens,r1,10-Jul-19,17.48390886,26.21341192,0,0,0
108,CN2,ambient,s_marcscens,r1,10-Jul-19,11.12397072,16.67803402,0,0,0
109,CN2,ambient,s_marcscens,r1,10-Jul-19,16.81568012,25.2115447,0,0,0
110,CN2,ambient,s_m_placebo,r1,10-Jul-19,17.49159849,26.22494089,0,0,0
111,CN2,ambient,s_marcscens,r1,10-Jul-19,19.78326165,29.66080359,0,0,0
112,CN2,ambient,s_m_placebo,r1,10-Jul-19,30.90492548,46.33537892,0,0,0
113,CN2,ambient,disease_slurry,r1,10-Jul-19,15.55534997,23.32194704,0,0,0
114,CN2,heat,s_m_placebo,r1,10-Jul-19,27.37784657,41.04727241,0,0,0
115,CN2,heat,s_marcscens,r1,10-Jul-19,15.09381846,22.62997845,0,0,0
116,CN2,ambient,placebo_slurry,r1,10-Jul-19,15.86462684,23.78564208,0,0,0
118,CN2,heat,s_m_placebo,r1,10-Jul-19,23.59347269,35.37340666,0,0,0
120,CN2,heat,disease_slurry,r1,10-Jul-19,16.82952146,25.23229684,0,0,0
122,CN2,heat,disease_slurry,r1,10-Jul-19,14.9375652,22.39570984,0,0,0
123,CN2,ambient,disease_slurry,r1,10-Jul-19,14.80438083,22.19602813,0,0,0
125,HS1,heat,placebo_slurry,r1,10-Jul-19,17.5741851,26.34876199,0,0,0
126,HS1,ambient,s_m_placebo,r1,10-Jul-19,17.82763527,26.72875674,0,0,0
127,HS1,heat,placebo_slurry,r1,10-Jul-19,16.54608174,24.80733912,0,0,0
128,HS1,heat,s_m_placebo,r1,10-Jul-19,18.96892996,28.439886,0,0,0
129,HS1,ambient,placebo_slurry,r1,10-Jul-19,19.94105283,29.89737799,0,0,0
130,HS1,ambient,s_m_placebo,r1,10-Jul-19,28.07145109,42.08718522,0,0,0
131,HS1,heat,disease_slurry,r1,10-Jul-19,16.83305868,25.23760017,0,0,0
132,HS1,ambient,s_marcscens,r1,10-Jul-19,35.88073045,53.79554279,0,0,0
134,HS1,ambient,placebo_slurry,r1,10-Jul-19,19.21807393,28.81342452,0,0,0
135,HS1,heat,disease_slurry,r1,10-Jul-19,16.16452236,24.23527179,0,0,0
136,HS1,ambient,disease_slurry,r1,10-Jul-19,17.07405165,25.59891799,0,0,0
137,HS1,ambient,disease_slurry,r1,10-Jul-19,20.24863798,30.35853666,0,0,0
138,HS1,heat,s_m_placebo,r1,10-Jul-19,24.06284762,36.0771348,0,0,0
139,HS1,ambient,s_marcscens,r1,10-Jul-19,17.59002574,26.37251166,0,0,0
140,HS1,heat,disease_slurry,r1,10-Jul-19,13.73521485,20.59304058,0,0,0
141,HS1,ambient,placebo_slurry,r1,10-Jul-19,22.47693859,33.69940067,0,0,0
143,HS1,ambient,disease_slurry,r1,10-Jul-19,10.95203063,16.42024632,0,0,0
144,HS1,heat,s_m_placebo,r1,10-Jul-19,19.2726703,28.89528019,0,0,0
145,HS1,heat,placebo_slurry,r1,10-Jul-19,20.71155363,31.05258047,0,0,0
146,HS1,heat,s_marcscens,r1,10-Jul-19,16.66357927,24.98350174,0,0,0
147,HS1,heat,disease_slurry,r1,10-Jul-19,23.7049723,35.54057668,0,0,0
148,HS1,heat,placebo_slurry,r1,10-Jul-19,19.15686449,28.72165395,0,0,0
149,HS1,heat,s_marcscens,r1,10-Jul-19,18.56291757,27.83115655,0,0,0
150,HS1,ambient,disease_slurry,r1,10-Jul-19,22.15597349,33.2181816,0,0,0
151,HS1,heat,s_m_placebo,r1,10-Jul-19,16.7789237,25.15643624,0,0,0
152,HS1,ambient,s_m_placebo,r1,10-Jul-19,17.2429159,25.8520941,0,0,0
153,HS1,heat,s_marcscens,r1,10-Jul-19,19.43522905,29.13900255,0,0,0
154,HS1,heat,disease_slurry,r1,10-Jul-19,23.41784157,35.11008506,0,0,0
156,HS1,ambient,s_marcscens,r1,10-Jul-19,13.92622523,20.87942012,0,0,0
157,HS1,ambient,placebo_slurry,r1,10-Jul-19,18.16920857,27.24087345,0,0,0
158,HS1,ambient,s_marcscens,r1,10-Jul-19,24.71892675,37.06078625,0,0,0
159,HS1,ambient,disease_slurry,r1,10-Jul-19,15.55734928,23.32494457,0,0,0
160,HS1,heat,s_marcscens,r1,10-Jul-19,14.29179018,21.4275072,0,0,0
161,HS1,ambient,s_m_placebo,r1,10-Jul-19,22.1764279,33.24884865,0,0,0
162,HS1,ambient,placebo_slurry,r1,10-Jul-19,31.75878186,47.6155554,0,0,0
163,CN2,heat,disease_slurry,r1,10-Jul-19,25.83176982,38.72925833,0,0,0
164,CN2,heat,placebo_slurry,r1,10-Jul-19,16.05825169,24.07594147,0,0,0
165,CN2,ambient,s_marcscens,r1,10-Jul-19,10.0557275,15.07642995,0,0,0
167,CN2,ambient,disease_slurry,r1,10-Jul-19,19.60793811,29.39794314,0,0,0
168,CN2,heat,s_m_placebo,r1,10-Jul-19,#VALUE!,#VALUE!,0,0,0
169,ML2,ambient,placebo_slurry,r1,10-Jul-19,22.95677143,34.41880821,0,0,0
170,ML2,heat,disease_slurry,r1,10-Jul-19,22.34083216,33.49533796,0,0,0
172,ML2,heat,placebo_slurry,r1,10-Jul-19,27.01827953,40.50817792,0,0,0
173,ML2,heat,placebo_slurry,r1,10-Jul-19,19.32296047,28.97067963,0,0,0
174,ML2,heat,s_m_placebo,r1,10-Jul-19,17.12987835,25.68261829,0,0,0
176,CN4,ambient,s_m_placebo,r1,10-Jul-19,13.84794481,20.76205524,0,0,0
178,CN4,ambient,disease_slurry,r1,10-Jul-19,15.24099795,22.85064287,0,0,0
182,CN4,ambient,s_m_placebo,r1,10-Jul-19,30.31097856,45.44488152,0,0,0
184,CN4,heat,disease_slurry,r1,10-Jul-19,13.33612312,19.9946872,0,0,0
185,HS1,heat,placebo_slurry,r1,10-Jul-19,25.95157423,38.90887963,0,0,0
186,HS1,ambient,s_m_placebo,r1,10-Jul-19,21.66352967,32.47986656,0,0,0
187,HS1,ambient,s_marcscens,r1,10-Jul-19,17.77811406,26.65451019,0,0,0
188,HS1,heat,s_m_placebo,r1,10-Jul-19,20.61743257,30.91146591,0,0,0
190,HS1,heat,s_marcscens,r1,10-Jul-19,17.683993,26.51339564,0,0,0
1,ML2,heat,disease_slurry,r2,17-Jul-19,14.76618157,22.13875645,0.706310596,1.058962886,5.023592299
4,ML2,ambient,disease_slurry,r2,17-Jul-19,11.96991975,17.9463551,0.427171839,0.640453544,3.700781156
5,ML2,heat,disease_slurry,r2,17-Jul-19,21.56692285,32.33502513,0.618067276,0.926660749,2.950362961
6,ML2,ambient,placebo_slurry,r2,17-Jul-19,23.21171038,34.80103508,0.783831617,1.175189211,3.494898585
7,ML2,ambient,s_marcscens,r2,17-Jul-19,15.53183201,23.28668685,0.623794988,0.935248239,4.184286549
9,ML2,heat,s_m_placebo,r2,17-Jul-19,16.69314797,25.02783373,0.364836515,0.54699495,2.234379935
10,ML2,ambient,placebo_slurry,r2,17-Jul-19,24.16850432,36.2355446,0.863238923,1.294243619,3.70405103
11,ML2,ambient,disease_slurry,r2,17-Jul-19,19.53077553,29.28225422,0.739937365,1.109379093,3.937756042
12,ML2,heat,s_marcscens,r2,17-Jul-19,13.34421539,20.00681984,0.623877736,0.935372303,4.904568993
13,ML2,ambient,s_marcscens,r2,17-Jul-19,29.23003963,43.82424293,0.943278943,1.414246647,3.33470118
14,ML2,ambient,disease_slurry,r2,17-Jul-19,13.35344194,20.02065311,,0,#VALUE!
15,ML2,ambient,disease_slurry,r2,17-Jul-19,19.52354806,29.27141816,0.456344639,0.684191967,2.393348561
16,ML2,ambient,s_marcscens,r2,17-Jul-19,18.21998935,27.31700845,0.529229477,0.793467318,2.99155876
17,ML2,heat,s_marcscens,r2,17-Jul-19,37.47243041,56.18195919,,0,#VALUE!
18,ML2,heat,s_marcscens,r2,17-Jul-19,17.93165945,26.88471893,0.576167388,0.863840758,3.319798634
19,ML2,ambient,s_marcscens,r2,17-Jul-19,15.80662963,23.69868757,0.540871077,0.810921428,3.5430344
20,ML2,heat,s_m_placebo,r2,17-Jul-19,32.20437401,48.28362629,0.816386047,1.223997672,2.600950555
21,ML2,heat,disease_slurry,r2,17-Jul-19,29.87497596,44.79118812,0.982887692,1.473631563,3.401926793
22,ML2,ambient,s_marcscens,r2,17-Jul-19,27.81084141,41.6964563,0.811170782,1.216178489,3.00437288
24,ML2,heat,s_m_placebo,r2,17-Jul-19,24.96291087,37.42658867,0.970961621,1.45575095,4.04703099
25,ML2,heat,placebo_slurry,r2,17-Jul-19,31.65631653,47.46193038,0.674033383,1.010570054,2.175544583
26,ML2,ambient,s_m_placebo,r2,17-Jul-19,23.23062482,34.82939327,0.926702874,1.389394349,4.154887541
28,ML2,ambient,s_m_placebo,r2,17-Jul-19,18.24320952,27.35182216,0.559524103,0.838887683,3.164069537
29,ML2,heat,s_marcscens,r2,17-Jul-19,30.55528075,45.81116082,0.587567215,0.88093238,1.960667485
30,ML2,ambient,s_m_placebo,r2,17-Jul-19,26.74701941,40.10148091,0.85250222,1.278146211,3.292211298
31,ML2,heat,s_m_placebo,r2,17-Jul-19,24.22278723,36.31693031,0.814327015,1.22091059,3.478772236
32,ML2,heat,s_marcscens,r2,17-Jul-19,16.08373389,24.11414662,0.352291418,0.528186238,2.239409505
33,ML2,ambient,disease_slurry,r2,17-Jul-19,13.98069403,20.96108453,0.31407067,0.470882336,2.298085355
34,ML2,ambient,placebo_slurry,r2,17-Jul-19,20.57183869,30.84310756,0.425472775,0.637906157,2.111908306
35,ML2,heat,placebo_slurry,r2,17-Jul-19,20.04100412,30.04723374,0.49104581,0.73621901,2.511748627
37,ML2,heat,placebo_slurry,r2,17-Jul-19,40.12414285,60.1576394,,0,#VALUE!
38,ML2,ambient,placebo_slurry,r2,17-Jul-19,17.06789995,25.58969482,0.763426348,1.144595839,4.682312144
39,ML2,ambient,s_m_placebo,r2,17-Jul-19,21.97688952,32.94968318,0.608487807,0.912298369,2.847605616
40,ML2,heat,disease_slurry,r2,17-Jul-19,18.68116342,28.00844112,0.628068237,0.941655069,3.479005847
41,ML2,ambient,s_m_placebo,r2,17-Jul-19,19.51724324,29.26196543,0.852822578,1.27862652,4.569242161
42,CN4,ambient,disease_slurry,r2,17-Jul-19,22.48834832,33.71650714,0.489550844,0.733977627,2.225352749
43,CN4,heat,s_marcscens,r2,17-Jul-19,27.5008291,41.23165862,0.911323269,1.366335894,3.427379489
44,CN4,ambient,disease_slurry,r2,17-Jul-19,18.40129119,27.58883209,0.552278759,0.828024827,3.094169839
45,CN4,heat,disease_slurry,r2,17-Jul-19,30.03459539,45.0305036,0.805393801,1.207517131,2.755442357
47,CN4,heat,placebo_slurry,r2,17-Jul-19,30.207132,45.28918564,0.581606949,0.871996225,1.963195414
49,CN4,ambient,s_m_placebo,r2,17-Jul-19,19.26397426,28.88224232,0.520965587,0.781077369,2.779519533
50,CN4,ambient,placebo_slurry,r2,17-Jul-19,24.16189196,36.22563076,0.374025458,0.56077182,1.572337132
51,CN4,heat,s_marcscens,r2,17-Jul-19,18.763126,28.13132662,0.682348153,1.023036288,3.773887159
52,CN4,heat,s_m_placebo,r2,17-Jul-19,28.55527078,42.81257019,0.718968537,1.077940784,2.582844987
53,CN4,ambient,placebo_slurry,r2,17-Jul-19,26.86957884,40.28523277,0.842953829,1.263830424,3.23881344
54,CN4,ambient,s_marcscens,r2,17-Jul-19,13.69497832,20.53271445,0.333940806,0.500673389,2.499362833
55,CN4,ambient,s_marcscens,r2,17-Jul-19,18.25397384,27.36796097,1.016440679,1.523937148,5.896671349
56,CN4,heat,s_marcscens,r2,17-Jul-19,17.30240827,25.9412903,0.584540227,0.876394053,3.496499822
57,CN4,ambient,s_m_placebo,r2,17-Jul-19,21.46327786,32.17963146,0.739574616,1.108835228,3.568737729
58,CN4,ambient,placebo_slurry,r2,17-Jul-19,23.73408727,35.5842284,0.279796867,0.41949604,1.19294535
59,CN4,ambient,s_marcscens,r2,17-Jul-19,28.57541542,42.84277282,0.796016439,1.193457766,2.865491939
61,CN4,ambient,s_marcscens,r2,17-Jul-19,22.86786736,34.28551542,0.336178611,0.504028503,1.492025808
63,CN4,heat,s_m_placebo,r2,17-Jul-19,12.08894233,18.12480421,0.381328782,0.571721606,3.257100868
64,CN4,heat,placebo_slurry,r2,17-Jul-19,12.99560531,19.484153,0.484271773,0.726062779,3.870664714
66,CN4,ambient,s_m_placebo,r2,17-Jul-19,16.83246898,25.23671603,-0.182987701,-0.274351234,-1.07542045
67,CN4,ambient,placebo_slurry,r2,17-Jul-19,21.52832508,32.27715598,0.748487552,1.122198284,3.601989435
68,CN4,heat,disease_slurry,r2,17-Jul-19,11.93178331,17.88917761,0.326441826,0.48943026,2.812858432
69,CN4,ambient,s_marcscens,r2,17-Jul-19,11.62930602,17.43567709,0.350158589,0.524988514,3.104477453
70,CN4,heat,placebo_slurry,r2,17-Jul-19,15.33422992,22.99042443,0.491862325,0.737443202,3.313907446
71,CN4,heat,s_m_placebo,r2,17-Jul-19,20.73007414,31.08034805,0.488664414,0.732648612,2.414181721
72,CN4,heat,s_m_placebo,r2,17-Jul-19,18.78434708,28.16314312,0.767700738,1.15100438,4.261063481
73,CN4,heat,disease_slurry,r2,17-Jul-19,13.86828382,20.79254926,0.465260926,0.697560047,3.471313371
74,CN4,heat,placebo_slurry,r2,17-Jul-19,16.90597388,25.34692103,0.370811413,0.555953042,2.242562864
75,CN4,heat,s_marcscens,r2,17-Jul-19,12.54012096,18.80125084,,0,#VALUE!
76,CN4,heat,disease_slurry,r2,17-Jul-19,16.19614411,24.28268189,0.655865806,0.983331626,4.220425099
77,CN4,ambient,placebo_slurry,r2,17-Jul-19,20.28965983,30.42004022,0.543769776,0.815267412,2.75383776
78,CN4,heat,s_m_placebo,r2,17-Jul-19,19.53907943,29.29470416,-0.294779976,-0.441960033,-1.48624617
79,CN4,ambient,disease_slurry,r2,17-Jul-19,15.81247312,23.70744864,0.940115969,1.409504439,6.321230454
80,CN4,ambient,disease_slurry,r2,17-Jul-19,16.26165266,24.38089807,0.447008406,0.670194267,2.826547338
81,CN4,heat,s_marcscens,r2,17-Jul-19,19.42067195,29.11717726,0.650441992,0.975199768,3.465285152
82,CN4,heat,placebo_slurry,r2,17-Jul-19,26.89110747,40.31751039,0.557512482,0.835871684,2.117114972
83,CN2,heat,s_m_placebo,r2,17-Jul-19,27.28769564,40.91211021,0.76831922,1.151931663,2.897199421
84,CN2,ambient,s_m_placebo,r2,17-Jul-19,23.32196773,34.96634259,0.771054912,1.156033252,3.41917384
85,CN2,heat,placebo_slurry,r2,17-Jul-19,24.87341327,37.29240601,0.879464716,1.318570753,3.665360515
86,CN2,heat,s_m_placebo,r2,17-Jul-19,19.48310498,29.21078235,0.754860399,1.131753016,4.030598789
87,CN2,heat,placebo_slurry,r2,17-Jul-19,19.02823573,28.52880241,0.595888061,0.893407722,3.232838656
88,CN2,heat,placebo_slurry,r2,17-Jul-19,18.01392958,27.00806554,0.654900291,0.981884042,3.772678069
89,CN2,ambient,placebo_slurry,r2,17-Jul-19,28.54158472,42.79205085,0.850616461,1.275318915,3.071819132
90,CN2,ambient,disease_slurry,r2,17-Jul-19,26.7419448,40.09387262,0.78744851,1.180611974,3.033957974
91,CN2,heat,disease_slurry,r2,17-Jul-19,21.65165339,32.46206061,0.871046899,1.305950023,4.191633673
92,CN2,ambient,placebo_slurry,r2,17-Jul-19,17.82847579,26.73001693,0.590942632,0.885993102,3.428232028
93,CN2,heat,s_marcscens,r2,17-Jul-19,19.36008423,29.02633883,0.693510464,1.039771804,3.715253119
94,CN2,heat,disease_slurry,r2,17-Jul-19,23.30797412,34.94536214,0.979752949,1.468931681,4.387957918
95,CN2,heat,s_marcscens,r2,17-Jul-19,17.20168503,25.79027716,0.52795545,0.791557185,3.166390864
96,CN2,ambient,s_m_placebo,r2,17-Jul-19,13.81984439,20.71992462,0.416513917,0.62447425,3.107540457
98,CN2,heat,s_marcscens,r2,17-Jul-19,22.75960909,34.12320512,0.679916721,1.019390871,3.07937588
99,CN2,heat,s_marcscens,r2,17-Jul-19,24.49589332,36.72639494,0.617289196,0.925494185,2.585114244
101,CN2,heat,placebo_slurry,r2,17-Jul-19,23.50111671,35.23493847,0.664149702,0.99575157,2.908222012
102,CN2,ambient,s_m_placebo,r2,17-Jul-19,14.83999403,22.24942257,0.717529473,1.075783212,5.080766673
103,CN2,ambient,disease_slurry,r2,17-Jul-19,24.31705189,36.45826016,,0,#VALUE!
104,CN2,ambient,placebo_slurry,r2,17-Jul-19,13.54981383,20.31507108,0.467909835,0.701531525,3.57677166
105,CN2,ambient,placebo_slurry,r2,17-Jul-19,17.77496176,26.64978399,0.698910806,1.047868472,4.092929965
106,CN2,ambient,s_marcscens,r2,17-Jul-19,18.33870438,27.49499645,0.854795521,1.281584529,4.889041278
108,CN2,ambient,s_marcscens,r2,17-Jul-19,#VALUE!,#VALUE!,,0,#VALUE!
109,CN2,ambient,s_marcscens,r2,17-Jul-19,16.72482581,25.07532794,-0.090854309,-0.136216761,-0.540295181
110,CN2,ambient,s_m_placebo,r2,17-Jul-19,18.25474272,27.36911374,0.763144225,1.144172856,4.362918721
111,CN2,ambient,s_marcscens,r2,17-Jul-19,20.90983822,31.34986615,1.126576576,1.68906256,5.694594736
112,CN2,ambient,s_m_placebo,r2,17-Jul-19,31.83792592,47.73421513,0.933000442,1.398836216,3.018937685
113,CN2,ambient,disease_slurry,r2,17-Jul-19,16.23305033,24.33801495,0.677700361,1.016067909,4.356702756
114,CN2,heat,s_m_placebo,r2,17-Jul-19,28.38150396,42.55204371,1.003657382,1.504771306,3.665947134
115,CN2,heat,s_marcscens,r2,17-Jul-19,15.62225227,23.42225284,0.528433815,0.792274392,3.500994902
116,CN2,ambient,placebo_slurry,r2,17-Jul-19,28.63923244,42.9384529,12.7746056,19.15281082,80.52257219
118,CN2,heat,s_m_placebo,r2,17-Jul-19,24.36995082,36.53757088,0.776478129,1.164164216,3.291071812
120,CN2,heat,disease_slurry,r2,17-Jul-19,16.50584887,24.74701846,-0.32367259,-0.485278378,-1.923242982
122,CN2,heat,disease_slurry,r2,17-Jul-19,15.6706917,23.49487748,0.733126494,1.099167637,4.907938371
123,CN2,ambient,disease_slurry,r2,17-Jul-19,15.19429381,22.78061992,0.389912979,0.584591787,2.633767554
125,HS1,heat,placebo_slurry,r2,17-Jul-19,18.26535326,27.385022,0.691168153,1.036260006,3.932860322
126,HS1,ambient,s_m_placebo,r2,17-Jul-19,18.47433477,27.69834544,0.646699502,0.969588699,3.627511403
127,HS1,heat,placebo_slurry,r2,17-Jul-19,17.41681758,26.11282278,0.870735837,1.305483651,5.26248964
128,HS1,heat,s_m_placebo,r2,17-Jul-19,19.79388617,29.67673281,0.82495621,1.236846812,4.348986533
129,HS1,ambient,placebo_slurry,r2,17-Jul-19,20.86662718,31.28508036,0.925574353,1.387702372,4.641552086
130,HS1,ambient,s_m_placebo,r2,17-Jul-19,29.48284729,44.20327438,1.411396205,2.116089165,5.027870489
131,HS1,heat,disease_slurry,r2,17-Jul-19,17.94442285,26.90385495,1.111364168,1.666254782,6.602271098
132,HS1,ambient,s_marcscens,r2,17-Jul-19,37.06953743,55.57790664,1.188806984,1.782363854,3.313218459
134,HS1,ambient,placebo_slurry,r2,17-Jul-19,20.01932171,30.01472557,0.801247777,1.201301048,4.169240789
135,HS1,heat,disease_slurry,r2,17-Jul-19,17.03083995,25.53413121,0.866317587,1.298859423,5.359376343
136,HS1,ambient,disease_slurry,r2,17-Jul-19,17.62072448,26.41853792,0.546672835,0.819619932,3.201775687
137,HS1,ambient,disease_slurry,r2,17-Jul-19,20.83833241,31.24265835,0.58969443,0.884121687,2.912267138
138,HS1,heat,s_m_placebo,r2,17-Jul-19,24.93353966,37.38255278,0.870692038,1.305417984,3.618408144
139,HS1,ambient,s_marcscens,r2,17-Jul-19,18.25366628,27.36749986,0.663640546,0.994988199,3.772823051
140,HS1,heat,disease_slurry,r2,17-Jul-19,14.14815604,21.21215828,0.412941188,0.619117702,3.00644142
141,HS1,ambient,placebo_slurry,r2,17-Jul-19,23.28936723,34.91746505,0.81242864,1.218064379,3.614498639
143,HS1,ambient,disease_slurry,r2,17-Jul-19,11.53765556,17.29826666,0.585624931,0.878020337,5.347181275
144,HS1,heat,s_m_placebo,r2,17-Jul-19,19.93351473,29.88607621,0.660844435,0.990796024,3.428919939
145,HS1,heat,placebo_slurry,r2,17-Jul-19,21.50787288,32.24649224,0.796319255,1.193911774,3.844806956
146,HS1,heat,s_marcscens,r2,17-Jul-19,17.30825176,25.95005136,0.644672491,0.966549626,3.868751611
147,HS1,heat,disease_slurry,r2,17-Jul-19,26.26354783,39.37661785,2.558575529,3.836041173,10.79341286
148,HS1,heat,placebo_slurry,r2,17-Jul-19,19.8749261,29.79823498,0.718061607,1.076581035,3.748325347
149,HS1,heat,s_marcscens,r2,17-Jul-19,19.2944219,28.92789209,0.73150433,1.096735545,3.94067542
150,HS1,ambient,disease_slurry,r2,17-Jul-19,23.16803801,34.73555763,1.012064521,1.517376027,4.567908158
151,HS1,heat,s_m_placebo,r2,17-Jul-19,17.31009707,25.95281802,0.531173372,0.796381776,3.165717785
152,HS1,ambient,s_m_placebo,r2,17-Jul-19,17.87091795,26.79364994,0.628002054,0.941555842,3.642087322
153,HS1,heat,s_marcscens,r2,17-Jul-19,20.19554895,30.27894092,0.760319897,1.139938375,3.912070681
154,HS1,heat,disease_slurry,r2,17-Jul-19,24.20310391,36.28741934,0.785262347,1.177334286,3.353265263
156,HS1,ambient,s_marcscens,r2,17-Jul-19,14.49922653,21.738514,0.573001298,0.859093878,4.114548552
157,HS1,ambient,placebo_slurry,r2,17-Jul-19,19.07467607,28.59842985,0.905467492,1.357556399,4.983527425
158,HS1,ambient,s_marcscens,r2,17-Jul-19,25.36149812,38.0241857,0.642571376,0.963399449,2.599511631
159,HS1,ambient,disease_slurry,r2,17-Jul-19,16.10464742,24.14550201,0.547298141,0.820557447,3.517939539
160,HS1,heat,s_marcscens,r2,17-Jul-19,14.55089525,21.81598028,0.259105067,0.388473075,1.81296439
161,HS1,ambient,s_m_placebo,r2,17-Jul-19,22.97689451,34.4489785,0.800466605,1.200129847,3.60953806
162,HS1,ambient,placebo_slurry,r2,17-Jul-19,32.69307397,49.0163282,0.93429211,1.400772798,2.941838621
163,CN2,heat,disease_slurry,r2,17-Jul-19,26.73717775,40.08672543,0.90540793,1.357467099,3.505017026
164,CN2,heat,placebo_slurry,r2,17-Jul-19,16.58550481,24.86644565,0.527253113,0.79050418,3.28337806
165,CN2,ambient,s_marcscens,r2,17-Jul-19,10.53180709,15.79021028,0.476079585,0.713780331,4.734412151
167,CN2,ambient,disease_slurry,r2,17-Jul-19,20.25521401,30.36839603,0.647275904,0.97045289,3.301091119
168,CN2,heat,s_m_placebo,r2,17-Jul-19,11.01066539,16.5081567,,0,#VALUE!
169,ML2,ambient,placebo_slurry,r2,17-Jul-19,24.400706,36.58368176,1.443934578,2.164873552,6.289798122
170,ML2,heat,disease_slurry,r2,17-Jul-19,23.28167844,34.90593733,0.940846271,1.410599372,4.211330464
172,ML2,heat,placebo_slurry,r2,17-Jul-19,27.7067351,41.54037097,0.688455564,1.032193055,2.548110302
173,ML2,heat,placebo_slurry,r2,17-Jul-19,19.77789347,29.65275515,0.454933004,0.68207552,2.354364926
174,ML2,heat,s_m_placebo,r2,17-Jul-19,17.5905844,26.37334926,0.460706044,0.690730969,2.689488125
176,CN4,ambient,s_m_placebo,r2,17-Jul-19,14.15492218,21.22230268,0.306977373,0.460247442,2.21677207
178,CN4,ambient,disease_slurry,r2,17-Jul-19,15.11017837,22.65450666,-0.130819584,-0.196136211,-0.858340015
182,CN4,ambient,s_m_placebo,r2,17-Jul-19,30.88943588,46.31215555,0.578457322,0.867274028,1.908408601
184,CN4,heat,disease_slurry,r2,17-Jul-19,13.69236413,20.52879502,0.356241012,0.534107817,2.671248673
185,HS1,heat,placebo_slurry,r2,17-Jul-19,26.55310794,39.8107518,0.601533706,0.901872169,2.317908348
186,HS1,ambient,s_m_placebo,r2,17-Jul-19,22.38009006,33.55419684,0.71656039,1.074330279,3.307680704
187,HS1,ambient,s_marcscens,r2,17-Jul-19,18.44926929,27.66076507,0.671155232,1.006254877,3.775176769
188,HS1,heat,s_m_placebo,r2,17-Jul-19,20.94136229,31.3971298,0.32392972,0.48566389,1.571144802
190,HS1,heat,s_marcscens,r2,17-Jul-19,18.00178128,26.98985174,0.317788281,0.476456104,1.797039168
1,ML2,heat,disease_slurry,r3,24-Jul-19,15.0557999,22.57297768,0.995928918,1.493184115,7.083485473
4,ML2,ambient,disease_slurry,r3,24-Jul-19,12.28775527,18.42288204,0.745007367,1.116980484,6.454332821
5,ML2,heat,disease_slurry,r3,24-Jul-19,22.00098599,32.98581073,1.052130421,1.577446345,5.022376605
6,ML2,ambient,placebo_slurry,r3,24-Jul-19,23.86265522,35.77698875,1.434776454,2.151142888,6.39729004
7,ML2,ambient,s_marcscens,r3,24-Jul-19,16.1329283,24.18790319,1.224891269,1.836464583,8.216314912
9,ML2,heat,s_m_placebo,r3,24-Jul-19,16.95977279,25.42758109,0.631461337,0.946742302,3.867278858
10,ML2,ambient,placebo_slurry,r3,24-Jul-19,24.82717893,37.22308744,1.521913533,2.281786451,6.530341994
11,ML2,ambient,disease_slurry,r3,24-Jul-19,19.85718973,29.77164307,1.066351572,1.598767944,5.674848367
12,ML2,heat,s_marcscens,r3,24-Jul-19,13.78053648,20.66099075,1.060198827,1.589543208,8.3346752
13,ML2,ambient,s_marcscens,r3,24-Jul-19,29.69717764,44.52461726,1.410416948,2.114620976,4.986138084
14,ML2,ambient,disease_slurry,r3,24-Jul-19,14.00205389,20.9931091,0.648611943,0.972455998,#VALUE!
15,ML2,ambient,disease_slurry,r3,24-Jul-19,20.14700834,30.20616459,1.079804926,1.618938393,5.663153122
16,ML2,ambient,s_marcscens,r3,24-Jul-19,18.84836253,28.25912072,1.15760266,1.735579589,6.54354402
17,ML2,heat,s_marcscens,r3,24-Jul-19,38.32635754,57.46224174,0.853927124,1.280282552,#VALUE!
18,ML2,heat,s_marcscens,r3,24-Jul-19,18.31733608,27.46295921,0.961844017,1.442081038,5.542015254
19,ML2,ambient,s_marcscens,r3,24-Jul-19,16.3153725,24.46143956,1.04961394,1.573673415,6.875609463
20,ML2,heat,s_m_placebo,r3,24-Jul-19,33.0688572,49.57973543,1.68086924,2.520106809,5.355135352
21,ML2,heat,disease_slurry,r3,24-Jul-19,31.14627069,46.69722485,2.254182424,3.379668293,7.802075097
22,ML2,ambient,s_marcscens,r3,24-Jul-19,28.21685679,42.30519021,1.217186154,1.824912398,4.508151861
24,ML2,heat,s_m_placebo,r3,24-Jul-19,25.65848454,38.46945383,1.666535297,2.498616102,6.946227168
25,ML2,heat,placebo_slurry,r3,24-Jul-19,32.56505893,48.8243968,1.582775778,2.373036475,5.108647966
26,ML2,ambient,s_m_placebo,r3,24-Jul-19,23.62329335,35.41811642,1.319371403,1.978117498,5.915423331
28,ML2,ambient,s_m_placebo,r3,24-Jul-19,19.2135586,28.80665473,1.52987318,2.293720253,8.651325467
29,ML2,heat,s_marcscens,r3,24-Jul-19,30.96951826,46.43222208,1.001804723,1.501993638,3.342946808
30,ML2,ambient,s_m_placebo,r3,24-Jul-19,27.41877879,41.10864158,1.524261598,2.285306876,5.886426021
31,ML2,heat,s_m_placebo,r3,24-Jul-19,24.95655125,37.41705378,1.548091036,2.321034062,6.613382603
32,ML2,heat,s_marcscens,r3,24-Jul-19,16.55765716,24.82469401,0.826214689,1.238733636,5.251995746
33,ML2,ambient,disease_slurry,r3,24-Jul-19,14.38186394,21.5625537,0.715240581,1.072351505,5.233484251
34,ML2,ambient,placebo_slurry,r3,24-Jul-19,20.76310364,31.12986877,0.616737722,0.924667366,3.061285221
35,ML2,heat,placebo_slurry,r3,24-Jul-19,20.85663321,31.27009652,1.3066749,1.959081786,6.683773331
37,ML2,heat,placebo_slurry,r3,24-Jul-19,41.69588346,62.51413097,1.571740608,2.356491578,#VALUE!
38,ML2,ambient,placebo_slurry,r3,24-Jul-19,17.56463838,26.33444871,1.260164777,1.889349725,7.72895101
39,ML2,ambient,s_m_placebo,r3,24-Jul-19,22.3654129,33.53219155,0.997011181,1.494806739,4.665820096
40,ML2,heat,disease_slurry,r3,24-Jul-19,18.91635607,28.3610626,0.863260892,1.294276556,4.781788846
41,ML2,ambient,s_m_placebo,r3,24-Jul-19,20.07101557,30.09222954,1.406594901,2.108890629,7.536236599
42,CN4,ambient,disease_slurry,r3,24-Jul-19,23.25855878,34.87127432,1.259761304,1.888744802,5.726500755
43,CN4,heat,s_marcscens,r3,24-Jul-19,28.16578472,42.22861848,1.576278882,2.363295757,5.928199236
44,CN4,ambient,disease_slurry,r3,24-Jul-19,18.89420433,28.32785077,1.045191897,1.567043501,5.855740766
45,CN4,heat,disease_slurry,r3,24-Jul-19,30.88537241,46.30606323,1.656170818,2.483076766,5.66615141
47,CN4,heat,placebo_slurry,r3,24-Jul-19,30.84568387,46.24655869,1.220158817,1.829369275,4.118606556
49,CN4,ambient,s_m_placebo,r3,24-Jul-19,19.75073831,29.61204175,1.007729642,1.510876796,5.376562853
50,CN4,ambient,placebo_slurry,r3,24-Jul-19,24.69765278,37.02889045,0.909786282,1.364031508,3.824581251
51,CN4,heat,s_marcscens,r3,24-Jul-19,19.30539602,28.94434547,1.224618178,1.83605514,6.773039237
52,CN4,heat,s_m_placebo,r3,24-Jul-19,29.41412762,44.10024381,1.577825376,2.365614398,5.668229073
53,CN4,ambient,placebo_slurry,r3,24-Jul-19,27.66552457,41.47858452,1.638899557,2.457182174,6.297011449
54,CN4,ambient,s_marcscens,r3,24-Jul-19,14.07943115,21.10911989,0.718393632,1.077078835,5.376780289
55,CN4,ambient,s_marcscens,r3,24-Jul-19,18.88774341,28.31816398,1.65021025,2.474140159,9.573355046
56,CN4,heat,s_marcscens,r3,24-Jul-19,17.81615294,26.71154143,1.098284895,1.646645185,6.569527236
57,CN4,ambient,s_m_placebo,r3,24-Jul-19,22.24450131,33.35091028,1.520798069,2.280114049,7.338447435
58,CN4,ambient,placebo_slurry,r3,24-Jul-19,24.85148432,37.2595282,1.397193911,2.094795838,5.95709308
59,CN4,ambient,s_marcscens,r3,24-Jul-19,29.42566498,44.11754164,1.646265994,2.468226584,5.926211705
61,CN4,ambient,s_marcscens,r3,24-Jul-19,23.18041236,34.75411034,0.648723613,0.972623423,2.879161079
63,CN4,heat,s_m_placebo,r3,24-Jul-19,12.39436053,18.582714,0.686746979,1.029631394,5.865815238
64,CN4,heat,placebo_slurry,r3,24-Jul-19,13.45641344,20.17503701,0.945079894,1.416946792,7.55379026
66,CN4,ambient,s_m_placebo,r3,24-Jul-19,17.19344289,25.77791983,0.177986213,0.266852564,1.046026658
67,CN4,ambient,placebo_slurry,r3,24-Jul-19,22.29541955,33.42725138,1.515582017,2.272293686,7.293521976
68,CN4,heat,disease_slurry,r3,24-Jul-19,12.49112056,18.72778514,0.885779077,1.328037797,7.632511958
69,CN4,ambient,s_marcscens,r3,24-Jul-19,12.01685794,18.01672897,0.737710508,1.106040393,6.54048112
70,CN4,heat,placebo_slurry,r3,24-Jul-19,15.80449797,23.6954916,0.962130374,1.442510368,6.482324113
71,CN4,heat,s_m_placebo,r3,24-Jul-19,21.21798348,31.81186459,0.976573757,1.464165157,4.824633117
72,CN4,heat,s_m_placebo,r3,24-Jul-19,19.32077918,28.96740924,1.304132835,1.955270499,7.238488285
73,CN4,heat,disease_slurry,r3,24-Jul-19,14.13019556,21.18523035,0.727172665,1.090241133,5.42543776
74,CN4,heat,placebo_slurry,r3,24-Jul-19,17.44311147,26.15224489,0.907949003,1.361276899,5.491019548
75,CN4,heat,s_marcscens,r3,24-Jul-19,12.80324474,19.19574913,0.263123785,0.39449829,#VALUE!
76,CN4,heat,disease_slurry,r3,24-Jul-19,16.80501827,25.19555951,1.264739967,1.89620925,8.138464074
77,CN4,ambient,placebo_slurry,r3,24-Jul-19,20.81879065,31.21335963,1.072900602,1.608586825,5.433538825
78,CN4,heat,s_m_placebo,r3,24-Jul-19,20.22915438,30.32932515,0.39529498,0.592660956,1.993031067
79,CN4,ambient,disease_slurry,r3,24-Jul-19,16.39536489,24.58137119,1.523007744,2.283426988,10.24052696
80,CN4,ambient,disease_slurry,r3,24-Jul-19,16.75809965,25.125215,0.943455395,1.4145112,5.965707354
81,CN4,heat,s_marcscens,r3,24-Jul-19,20.13131753,30.18263954,1.361087571,2.040662042,7.251310049
82,CN4,heat,placebo_slurry,r3,24-Jul-19,27.22848918,40.82334268,0.894894189,1.341703975,3.398298598
83,CN2,heat,s_m_placebo,r3,24-Jul-19,27.89734869,41.82615561,1.377972269,2.065977064,5.196096043
84,CN2,ambient,s_m_placebo,r3,24-Jul-19,24.09832513,36.13032578,1.547412304,2.320016449,6.861861055
85,CN2,heat,placebo_slurry,r3,24-Jul-19,25.66494547,38.47914061,1.670996918,2.505305356,6.964243147
86,CN2,heat,s_m_placebo,r3,24-Jul-19,20.01502089,30.0082774,1.286776304,1.929248064,6.870779045
87,CN2,heat,placebo_slurry,r3,24-Jul-19,19.50368487,29.24163753,1.071337199,1.606242833,5.812266665
88,CN2,heat,placebo_slurry,r3,24-Jul-19,18.65361181,27.96713333,1.294582521,1.94095183,7.457689597
89,CN2,ambient,placebo_slurry,r3,24-Jul-19,28.91679027,43.35459197,1.22582201,1.837860032,4.426793599
90,CN2,ambient,disease_slurry,r3,24-Jul-19,27.14357417,40.69603065,1.189077879,1.782770003,4.581394553
91,CN2,heat,disease_slurry,r3,24-Jul-19,22.19050644,33.26995643,1.409899948,2.113845845,6.784691045
92,CN2,ambient,placebo_slurry,r3,24-Jul-19,18.44255495,27.65069834,1.205021791,1.806674516,6.990685848
93,CN2,heat,s_marcscens,r3,24-Jul-19,20.08978301,30.12036735,1.423209252,2.133800323,7.624373227
94,CN2,heat,disease_slurry,r3,24-Jul-19,24.16693399,36.23319022,1.838712817,2.756759764,8.23492746
95,CN2,heat,s_marcscens,r3,24-Jul-19,17.61078784,26.40364004,0.937058266,1.404920061,5.619967994
96,CN2,ambient,s_m_placebo,r3,24-Jul-19,14.0918915,21.12780155,0.688561028,1.032351175,5.137238308
98,CN2,heat,s_marcscens,r3,24-Jul-19,23.40685238,35.09360911,1.327160008,1.98979486,6.010772187
99,CN2,heat,s_marcscens,r3,24-Jul-19,24.96608881,37.43135332,1.08748469,1.63045257,4.5542222
101,CN2,heat,placebo_slurry,r3,24-Jul-19,24.3313799,36.47974197,1.494412889,2.24055507,6.543832588
102,CN2,ambient,s_m_placebo,r3,24-Jul-19,15.35346391,23.01926172,1.230999359,1.845622367,8.716604341
103,CN2,ambient,disease_slurry,r3,24-Jul-19,25.02577544,37.52084077,0.708723555,1.062580607,#VALUE!
104,CN2,ambient,placebo_slurry,r3,24-Jul-19,14.01620639,21.01432778,0.934302394,1.400788217,7.141945047
105,CN2,ambient,placebo_slurry,r3,24-Jul-19,18.54654506,27.80660946,1.470494111,2.204693937,8.611441342
106,CN2,ambient,s_marcscens,r3,24-Jul-19,18.91804822,28.36359962,1.434139358,2.150187697,8.202624305
108,CN2,ambient,s_marcscens,r3,24-Jul-19,11.94501861,17.90902114,0.82104789,1.230987116,7.380888625
109,CN2,ambient,s_marcscens,r3,24-Jul-19,17.24236132,25.85126263,0.426681195,0.639717927,2.53740076
110,CN2,ambient,s_m_placebo,r3,24-Jul-19,18.85666944,28.27157516,1.365070947,2.046634269,7.804152077
111,CN2,ambient,s_marcscens,r3,24-Jul-19,21.66471026,32.48163661,1.881448612,2.820833022,9.510305457
112,CN2,ambient,s_m_placebo,r3,24-Jul-19,32.55398306,48.80779088,1.649057573,2.472411963,5.335905351
113,CN2,ambient,disease_slurry,r3,24-Jul-19,16.7485621,25.11091546,1.193212121,1.788968422,7.670750727
114,CN2,heat,s_m_placebo,r3,24-Jul-19,29.22968361,43.82370915,1.851837033,2.776436741,6.763998138
115,CN2,heat,s_marcscens,r3,24-Jul-19,16.24399466,24.35442364,1.150176207,1.724445198,7.620180473
116,CN2,ambient,placebo_slurry,r3,24-Jul-19,16.8788574,25.30626563,1.014230563,1.520623548,6.39303132
118,CN2,heat,s_m_placebo,r3,24-Jul-19,24.98254878,37.45603156,1.389076098,2.0826249,5.887544051
120,CN2,heat,disease_slurry,r3,24-Jul-19,16.89977849,25.33763236,0.070257037,0.105335522,0.417463072
122,CN2,heat,disease_slurry,r3,24-Jul-19,15.80403648,23.69479968,0.866471275,1.299089845,5.800619202
123,CN2,ambient,disease_slurry,r3,24-Jul-19,15.61574668,23.41249908,0.811365847,1.216470948,5.480579409
125,HS1,heat,placebo_slurry,r3,24-Jul-19,18.9052802,28.34445669,1.331095099,1.995694694,7.574149761
126,HS1,ambient,s_m_placebo,r3,24-Jul-19,19.06264986,28.5803991,1.235014595,1.851642363,6.927528955
127,HS1,heat,placebo_slurry,r3,24-Jul-19,18.35887059,27.5252314,1.812788853,2.71789228,10.95600083
128,HS1,heat,s_m_placebo,r3,24-Jul-19,20.4672856,30.68635238,1.498355635,2.246466381,7.898999246
129,HS1,ambient,placebo_slurry,r3,24-Jul-19,21.75131741,32.61148566,1.810264584,2.714107675,9.078079275
130,HS1,ambient,s_m_placebo,r3,24-Jul-19,30.06621949,45.07791722,1.994768402,2.990732006,7.1060395
131,HS1,heat,disease_slurry,r3,24-Jul-19,18.7462184,28.10597725,1.913159711,2.868377087,11.36549065
132,HS1,ambient,s_marcscens,r3,24-Jul-19,38.29820637,57.42003503,2.41747592,3.624492246,6.737532625
134,HS1,ambient,placebo_slurry,r3,24-Jul-19,20.62896254,30.92875265,1.410888606,2.115328128,7.34146726
135,HS1,heat,disease_slurry,r3,24-Jul-19,17.46387873,26.18338099,1.299356366,1.948109197,8.038322052
136,HS1,ambient,disease_slurry,r3,24-Jul-19,18.46424519,27.68321826,1.390193544,2.084300274,8.14214208
137,HS1,ambient,disease_slurry,r3,24-Jul-19,21.48026625,32.20510195,1.231628272,1.846565289,6.082524034
138,HS1,heat,s_m_placebo,r3,24-Jul-19,25.75032197,38.60714456,1.687474346,2.530009764,7.012779085
139,HS1,ambient,s_marcscens,r3,24-Jul-19,18.95219882,28.4148012,1.362173082,2.042289535,7.744008462
140,HS1,heat,disease_slurry,r3,24-Jul-19,14.62922505,21.9334192,0.8940102,1.34037862,6.508891265
141,HS1,ambient,placebo_slurry,r3,24-Jul-19,24.02094786,36.014315,1.544009271,2.314914323,6.869304131
143,HS1,ambient,disease_slurry,r3,24-Jul-19,11.83333692,17.74157813,0.881306295,1.32133181,8.04696704
144,HS1,heat,s_m_placebo,r3,24-Jul-19,20.35052746,30.51129833,1.077857165,1.616018139,5.592671636
145,HS1,heat,placebo_slurry,r3,24-Jul-19,22.11820562,33.16155669,1.406651993,2.108976226,6.791629533
146,HS1,heat,s_marcscens,r3,24-Jul-19,17.77646441,26.65203689,1.112885138,1.668535152,6.678547987
147,HS1,heat,disease_slurry,r3,24-Jul-19,26.81760515,40.20730926,3.11263285,4.666732577,13.13071709
148,HS1,heat,placebo_slurry,r3,24-Jul-19,20.53204867,30.78345087,1.375184184,2.061796923,7.178545241
149,HS1,heat,s_marcscens,r3,24-Jul-19,20.13962443,30.19509398,1.576706865,2.363937427,8.493852645
150,HS1,ambient,disease_slurry,r3,24-Jul-19,24.07217377,36.09111737,1.916200276,2.872935769,8.648684638
151,HS1,heat,s_m_placebo,r3,24-Jul-19,17.79600101,26.68132788,1.017077311,1.524891644,6.061636192
152,HS1,ambient,s_m_placebo,r3,24-Jul-19,18.33118092,27.48371661,1.08826502,1.63162251,6.311374635
153,HS1,heat,s_marcscens,r3,24-Jul-19,20.84371136,31.25072295,1.408482312,2.1117204,7.247057949
154,HS1,heat,disease_slurry,r3,24-Jul-19,24.73949496,37.09162392,1.321653394,1.98153886,5.643788265
156,HS1,ambient,s_marcscens,r3,24-Jul-19,14.88843119,22.32204381,0.962205957,1.442623689,6.909309169
157,HS1,ambient,placebo_slurry,r3,24-Jul-19,19.73658581,29.59082308,1.567377237,2.349949629,8.626557566
158,HS1,ambient,s_marcscens,r3,24-Jul-19,25.95507174,38.9141234,1.236144993,1.853337155,5.000803659
159,HS1,ambient,disease_slurry,r3,24-Jul-19,16.54873493,24.81131702,0.991385655,1.486372456,6.372458685
160,HS1,heat,s_marcscens,r3,24-Jul-19,14.96150116,22.43159674,0.669710985,1.004089535,4.685983888
161,HS1,ambient,s_m_placebo,r3,24-Jul-19,23.57745155,35.34938637,1.40102365,2.100537719,6.317625436
162,HS1,ambient,placebo_slurry,r3,24-Jul-19,33.87078099,50.78205001,2.111999129,3.166494608,6.650126375
163,CN2,heat,disease_slurry,r3,24-Jul-19,27.64368049,41.44583396,1.811910671,2.716575633,7.014272285
164,CN2,heat,placebo_slurry,r3,24-Jul-19,16.91470015,25.36000423,0.856448459,1.284062758,5.333385445
165,CN2,ambient,s_marcscens,r3,24-Jul-19,11.02326006,16.52703975,0.967532562,1.450609804,9.62170626
167,CN2,ambient,disease_slurry,r3,24-Jul-19,20.8692474,31.28900882,1.261309285,1.891065671,6.432646195
168,CN2,heat,s_m_placebo,r3,24-Jul-19,11.23631674,16.84647303,0.225651352,0.338316328,#VALUE!
169,ML2,ambient,placebo_slurry,r3,24-Jul-19,24.74610972,37.10154134,1.789338289,2.682733136,7.794381257
170,ML2,heat,disease_slurry,r3,24-Jul-19,23.92311101,35.86762939,1.582278844,2.372291428,7.082452581
172,ML2,heat,placebo_slurry,r3,24-Jul-19,28.30054114,42.43065715,1.282261607,1.922479233,4.745903992
173,ML2,heat,placebo_slurry,r3,24-Jul-19,20.50266685,30.73939906,1.17970638,1.768719429,6.105205164
174,ML2,heat,s_m_placebo,r3,24-Jul-19,18.87143726,28.29371638,1.74155891,2.611098093,10.16679088
176,CN4,ambient,s_m_placebo,r3,24-Jul-19,14.57123056,21.84646877,0.723285754,1.084413535,5.223054858
178,CN4,ambient,disease_slurry,r3,24-Jul-19,15.85157042,23.76606675,0.610572469,0.915423878,4.006118702
182,CN4,ambient,s_m_placebo,r3,24-Jul-19,31.50715947,47.23830101,1.196180908,1.793419487,3.946361894
184,CN4,heat,disease_slurry,r3,24-Jul-19,14.17419137,21.25119274,0.838068254,1.25650554,6.284197035
185,HS1,heat,placebo_slurry,r3,24-Jul-19,27.10065518,40.63168271,1.14908094,1.722803079,4.427788966
186,HS1,ambient,s_m_placebo,r3,24-Jul-19,23.083037,34.60811665,1.419507336,2.128250086,6.552521027
187,HS1,ambient,s_marcscens,r3,24-Jul-19,19.20786683,28.79812114,1.429752772,2.143610943,8.04220722
188,HS1,heat,s_m_placebo,r3,24-Jul-19,21.26397911,31.88082528,0.64654654,0.969359365,3.135921692
190,HS1,heat,s_marcscens,r3,24-Jul-19,18.20842335,27.29966769,0.524430352,0.786272048,2.965565252
1,ML2,heat,disease_slurry,r4,31-Jul-19,15.14446031,22.70590517,1.084589338,1.626111604,7.71407746
4,ML2,ambient,disease_slurry,r4,31-Jul-19,12.33892346,18.49959788,0.796175555,1.193696327,6.897625781
5,ML2,heat,disease_slurry,r4,31-Jul-19,21.96956131,32.93869608,1.020705735,1.530331694,4.872369907
6,ML2,ambient,placebo_slurry,r4,31-Jul-19,24.09618313,36.12711431,1.668304367,2.501268448,7.438529452
7,ML2,ambient,s_marcscens,r4,31-Jul-19,16.46019426,24.67856907,1.552157236,2.327130466,10.41154669
9,ML2,heat,s_m_placebo,r4,31-Jul-19,17.05967977,25.5773704,0.731368312,1.096531616,4.479142344
10,ML2,ambient,placebo_slurry,r4,31-Jul-19,25.38518451,38.05969841,2.079919108,3.118397424,8.924674628
11,ML2,ambient,disease_slurry,r4,31-Jul-19,20.10796062,30.14762081,1.317122462,1.974745688,7.009386437
12,ML2,heat,s_marcscens,r4,31-Jul-19,14.0078653,21.00182208,1.287527645,1.93037454,10.121804
13,ML2,ambient,s_marcscens,r4,31-Jul-19,30.32241316,45.46202527,2.035652467,3.052028986,7.196484917
14,ML2,ambient,disease_slurry,r4,31-Jul-19,14.07070219,21.09603267,0.717260249,1.075379568,#VALUE!
15,ML2,ambient,disease_slurry,r4,31-Jul-19,20.60988762,30.90015386,1.542684202,2.312927663,8.090773294
16,ML2,ambient,s_marcscens,r4,31-Jul-19,18.97536013,28.44952666,1.284600251,1.925985534,7.261419297
17,ML2,heat,s_marcscens,r4,31-Jul-19,38.77789349,58.1392241,1.305463072,1.957264907,#VALUE!
18,ML2,heat,s_marcscens,r4,31-Jul-19,18.49847571,27.73453965,1.142983644,1.713661477,6.585717306
19,ML2,ambient,s_marcscens,r4,31-Jul-19,16.55821368,24.82552839,1.29245512,1.937762243,8.466366841
20,ML2,heat,s_m_placebo,r4,31-Jul-19,33.38298485,50.05070319,1.994996888,2.991074572,6.355924727
21,ML2,heat,disease_slurry,r4,31-Jul-19,30.84753911,46.24934022,1.955450842,2.931783666,6.768118746
22,ML2,ambient,s_marcscens,r4,31-Jul-19,28.59278532,42.86881529,1.59311469,2.388537479,5.900496755
24,ML2,heat,s_m_placebo,r4,31-Jul-19,26.2993154,39.43024374,2.307366157,3.459406018,9.617251743
25,ML2,heat,placebo_slurry,r4,31-Jul-19,32.02853477,48.01999266,1.046251621,1.568632331,3.376935186
26,ML2,ambient,s_m_placebo,r4,31-Jul-19,23.57105718,35.33979936,1.267135233,1.899800444,5.681221607
28,ML2,ambient,s_m_placebo,r4,31-Jul-19,19.50279061,29.24029677,1.819105191,2.727362289,10.28691219
29,ML2,heat,s_marcscens,r4,31-Jul-19,31.21042603,46.79341217,1.242712494,1.863183729,4.146837872
30,ML2,ambient,s_m_placebo,r4,31-Jul-19,28.23358565,42.3302716,2.339068462,3.506936898,9.033064587
31,ML2,heat,s_m_placebo,r4,31-Jul-19,25.0258312,37.52092437,1.617370986,2.424904649,6.909343761
32,ML2,heat,s_marcscens,r4,31-Jul-19,16.86671365,25.28805865,1.135271177,1.702098268,7.216573933
33,ML2,ambient,disease_slurry,r4,31-Jul-19,14.31206348,21.45790271,0.645440113,0.967700511,4.722747497
34,ML2,ambient,placebo_slurry,r4,31-Jul-19,20.92422574,31.37143718,0.777859825,1.166235775,3.86104287
35,ML2,heat,placebo_slurry,r4,31-Jul-19,20.89564955,31.32859324,1.345691237,2.017578506,6.883345814
37,ML2,heat,placebo_slurry,r4,31-Jul-19,41.57175404,62.32802526,1.447611195,2.170385859,#VALUE!
38,ML2,ambient,placebo_slurry,r4,31-Jul-19,17.78775814,26.66896945,1.483284533,2.223870462,9.09740829
39,ML2,ambient,s_m_placebo,r4,31-Jul-19,22.60023481,33.88425719,1.231833091,1.846872372,5.764741356
40,ML2,heat,disease_slurry,r4,31-Jul-19,19.47160261,29.19353699,1.418507431,2.12675094,7.857419556
41,ML2,ambient,s_m_placebo,r4,31-Jul-19,20.46531667,30.68340039,1.800896002,2.700061474,9.648818114
42,CN4,ambient,disease_slurry,r4,31-Jul-19,23.59256614,35.37204749,1.593768663,2.389517974,7.244799016
43,CN4,heat,s_marcscens,r4,31-Jul-19,28.56912546,42.83334236,1.979619628,2.968019633,7.445116281
44,CN4,ambient,disease_slurry,r4,31-Jul-19,19.01315445,28.50619123,1.164142011,1.745383959,6.522164829
45,CN4,heat,disease_slurry,r4,31-Jul-19,31.17939167,46.74688273,1.950190078,2.923896267,6.672060721
47,CN4,heat,placebo_slurry,r4,31-Jul-19,30.98074104,46.44904826,1.355215983,2.031858842,4.574487645
49,CN4,ambient,s_m_placebo,r4,31-Jul-19,20.1403777,30.19622335,1.397369031,2.095058394,7.45541474
50,CN4,ambient,placebo_slurry,r4,31-Jul-19,24.8290242,37.22585402,1.041157699,1.560995076,4.376843544
51,CN4,heat,s_marcscens,r4,31-Jul-19,19.52890863,29.27945521,1.448130789,2.171164879,8.00922837
52,CN4,heat,s_m_placebo,r4,31-Jul-19,29.49493265,44.22139382,1.658630413,2.486764407,5.958515608
53,CN4,ambient,placebo_slurry,r4,31-Jul-19,27.93614743,41.88432609,1.90952242,2.862923741,7.336803827
54,CN4,ambient,s_marcscens,r4,31-Jul-19,14.21235407,21.30840961,0.851316555,1.276368558,6.371635093
55,CN4,ambient,s_marcscens,r4,31-Jul-19,18.91590321,28.36038363,1.678370052,2.516359807,9.736718339
56,CN4,heat,s_marcscens,r4,31-Jul-19,17.97903427,26.95574742,1.261166221,1.890851177,7.54382208
57,CN4,ambient,s_m_placebo,r4,31-Jul-19,22.26146865,33.37634921,1.537765409,2.305552975,7.420321508
58,CN4,ambient,placebo_slurry,r4,31-Jul-19,25.10418528,37.63839968,1.649894875,2.473667321,7.034512009
59,CN4,ambient,s_marcscens,r4,31-Jul-19,29.8401515,44.73897623,2.06075251,3.089661176,7.41827608
61,CN4,ambient,s_marcscens,r4,31-Jul-19,23.5893398,35.36721027,1.057651047,1.585723353,4.69406026
63,CN4,heat,s_m_placebo,r4,31-Jul-19,12.49225163,18.72948095,0.784638089,1.176398344,6.701947291
64,CN4,heat,placebo_slurry,r4,31-Jul-19,13.62669576,20.43033923,1.115362216,1.672249006,8.914814814
66,CN4,ambient,s_m_placebo,r4,31-Jul-19,17.3432908,26.00258497,0.327834119,0.491517708,1.926684222
67,CN4,ambient,placebo_slurry,r4,31-Jul-19,22.39405604,33.57513587,1.614218508,2.420178177,7.768195999
68,CN4,heat,disease_slurry,r4,31-Jul-19,12.5844329,18.8676872,0.979091418,1.467939855,8.436558452
69,CN4,ambient,s_marcscens,r4,31-Jul-19,12.22154598,18.32361526,0.942398549,1.412926683,8.355228571
70,CN4,heat,placebo_slurry,r4,31-Jul-19,15.98638255,23.96818894,1.144014954,1.715207707,7.707765937
71,CN4,heat,s_m_placebo,r4,31-Jul-19,21.42246549,32.11844197,1.18105576,1.770742538,5.834849332
72,CN4,heat,s_m_placebo,r4,31-Jul-19,19.59343552,29.37619958,1.576789179,2.364060839,8.751846205
73,CN4,heat,disease_slurry,r4,31-Jul-19,14.24722932,21.36069765,0.844206428,1.265708431,6.298627073
74,CN4,heat,placebo_slurry,r4,31-Jul-19,17.58757115,26.36883154,1.052408687,1.577863545,6.36467098
75,CN4,heat,s_marcscens,r4,31-Jul-19,12.93533626,19.39379233,0.395215299,0.592541491,#VALUE!
76,CN4,heat,disease_slurry,r4,31-Jul-19,16.97856025,25.4557489,1.438281951,2.156398637,9.25518786
77,CN4,ambient,placebo_slurry,r4,31-Jul-19,21.10121377,31.63679318,1.355323722,2.032020373,6.863826943
78,CN4,heat,s_m_placebo,r4,31-Jul-19,20.33226837,30.4839227,0.498408969,0.747258505,2.512919742
79,CN4,ambient,disease_slurry,r4,31-Jul-19,16.6133688,24.9082218,1.741011651,2.610277595,11.70635988
80,CN4,ambient,disease_slurry,r4,31-Jul-19,16.85426918,25.2694008,1.039624923,1.558697003,6.573811627
81,CN4,heat,s_marcscens,r4,31-Jul-19,20.27634507,30.40007757,1.506115114,2.258100073,8.023956645
82,CN4,heat,placebo_slurry,r4,31-Jul-19,27.42223687,41.11382624,1.088641878,1.632187529,4.134042006
83,CN2,heat,s_m_placebo,r4,31-Jul-19,28.18104233,42.25149404,1.661665909,2.491315489,6.265855888
84,CN2,ambient,s_m_placebo,r4,31-Jul-19,24.49117986,36.71932811,1.940267035,2.909018769,8.603940119
85,CN2,heat,placebo_slurry,r4,31-Jul-19,25.98405547,38.95757836,1.990106921,2.983743104,8.294203504
86,CN2,heat,s_m_placebo,r4,31-Jul-19,20.17709657,30.2512755,1.44885199,2.172246167,7.736186822
87,CN2,heat,placebo_slurry,r4,31-Jul-19,19.75275548,29.61506606,1.320407805,1.979671364,7.163535698
88,CN2,heat,placebo_slurry,r4,31-Jul-19,18.86965894,28.29105016,1.510629649,2.264868661,8.702270293
89,CN2,ambient,placebo_slurry,r4,31-Jul-19,29.57006038,44.33403191,1.879092129,2.817299976,6.785938692
90,CN2,ambient,disease_slurry,r4,31-Jul-19,18.25849714,27.37474271,-7.695999153,-11.53851793,-29.65189178
91,CN2,heat,disease_slurry,r4,31-Jul-19,22.50375175,33.73960131,1.723145252,2.58349072,8.292083548
92,CN2,ambient,placebo_slurry,r4,31-Jul-19,18.58958152,27.8711335,1.352048368,2.027109674,7.843630266
93,CN2,heat,s_marcscens,r4,31-Jul-19,20.20336823,30.29066429,1.536794473,2.304097263,8.23286851
94,CN2,heat,disease_slurry,r4,31-Jul-19,24.40545128,36.59079629,2.077230106,3.114365835,9.303159841
95,CN2,heat,s_marcscens,r4,31-Jul-19,17.8578159,26.7740062,1.184086324,1.775286225,7.101508506
96,CN2,ambient,s_m_placebo,r4,31-Jul-19,14.44449723,21.65645903,1.041166754,1.561008652,7.767970475
98,CN2,heat,s_marcscens,r4,31-Jul-19,23.74051708,35.59386852,1.660824702,2.490054277,7.521955805
99,CN2,heat,s_marcscens,r4,31-Jul-19,25.28608965,37.91112669,1.407485528,2.110225934,5.894337545
101,CN2,heat,placebo_slurry,r4,31-Jul-19,24.4722827,36.69099582,1.635315687,2.451808921,7.160826943
102,CN2,ambient,s_m_placebo,r4,31-Jul-19,15.47493016,23.20137458,1.352465601,2.027735228,9.576696731
103,CN2,ambient,disease_slurry,r4,31-Jul-19,25.54143176,38.293958,1.224379867,1.835697844,#VALUE!
104,CN2,ambient,placebo_slurry,r4,31-Jul-19,14.32758066,21.48116743,1.245676662,1.86762787,9.522135788
105,CN2,ambient,placebo_slurry,r4,31-Jul-19,18.65026752,27.96211928,1.574216572,2.360203761,9.21885614
106,CN2,ambient,s_marcscens,r4,31-Jul-19,19.04357426,28.55179929,1.559665402,2.338387369,8.920576137
108,CN2,ambient,s_marcscens,r4,31-Jul-19,12.20956242,18.30564844,1.085591692,1.627614421,9.759030466
109,CN2,ambient,s_marcscens,r4,31-Jul-19,17.56160676,26.32990344,0.745926641,1.11835874,4.435899322
110,CN2,ambient,s_m_placebo,r4,31-Jul-19,19.09458123,28.62827342,1.602982741,2.403332528,9.16430103
111,CN2,ambient,s_marcscens,r4,31-Jul-19,22.07725975,33.10016705,2.293998105,3.43936346,11.59565165
112,CN2,ambient,s_m_placebo,r4,31-Jul-19,33.1196537,49.65589399,2.214728213,3.320515076,7.166262914
113,CN2,ambient,disease_slurry,r4,31-Jul-19,16.94983042,25.41267462,1.39448045,2.09072758,8.964635657
114,CN2,heat,s_m_placebo,r4,31-Jul-19,29.51613434,44.25318125,2.13828777,3.205908849,7.810284729
115,CN2,heat,s_marcscens,r4,31-Jul-19,16.39735737,24.58435848,1.303538908,1.954380032,8.636243454
116,CN2,ambient,placebo_slurry,r4,31-Jul-19,16.90174253,25.34057702,1.037115688,1.554934938,6.53728385
118,CN2,heat,s_m_placebo,r4,31-Jul-19,25.35107744,38.00856209,1.757604754,2.635155433,7.449538175
120,CN2,heat,disease_slurry,r4,31-Jul-19,17.12343848,25.67296306,0.293917021,0.440666215,1.746437185
122,CN2,heat,disease_slurry,r4,31-Jul-19,16.1911786,24.27523716,1.253613398,1.879527321,8.392354315
123,CN2,ambient,disease_slurry,r4,31-Jul-19,15.75639029,23.62336434,0.952009459,1.427336204,6.430592878
125,HS1,heat,placebo_slurry,r4,31-Jul-19,18.99717636,28.48223548,1.422991256,2.133473484,8.09705399
126,HS1,ambient,s_m_placebo,r4,31-Jul-19,19.15480632,28.71856817,1.327171059,1.989811428,7.444459342
127,HS1,heat,placebo_slurry,r4,31-Jul-19,18.53534821,27.78982215,1.989266472,2.982483028,12.02258337
128,HS1,heat,s_m_placebo,r4,31-Jul-19,20.62432935,30.92180617,1.655399389,2.481920172,8.726899158
129,HS1,ambient,placebo_slurry,r4,31-Jul-19,21.91471345,32.85646336,1.973660623,2.959085369,9.897474523
130,HS1,ambient,s_m_placebo,r4,31-Jul-19,30.333014,45.47791899,2.261562917,3.390733777,8.056451767
131,HS1,heat,disease_slurry,r4,31-Jul-19,19.04541789,28.55456341,2.212359203,3.316963248,13.14294238
132,HS1,ambient,s_marcscens,r4,31-Jul-19,38.59138006,57.85958678,2.710649609,4.064043992,7.554610999
134,HS1,ambient,placebo_slurry,r4,31-Jul-19,20.76797849,31.13717758,1.549904559,2.323753055,8.064827745
135,HS1,heat,disease_slurry,r4,31-Jul-19,17.69404052,26.52845976,1.529518155,2.293187969,9.462192083
136,HS1,ambient,disease_slurry,r4,31-Jul-19,18.43287337,27.63618287,1.358821721,2.037264881,7.958402312
137,HS1,ambient,disease_slurry,r4,31-Jul-19,21.66843583,32.48722232,1.419797856,2.128685658,7.011819055
138,HS1,heat,s_m_placebo,r4,31-Jul-19,26.44480817,39.64837928,2.381960546,3.571244478,9.898913809
139,HS1,ambient,s_marcscens,r4,31-Jul-19,19.22993406,28.83120626,1.639908319,2.458694599,9.3229444
140,HS1,heat,disease_slurry,r4,31-Jul-19,14.89772179,22.3359731,1.162506939,1.742932516,8.463696795
141,HS1,ambient,placebo_slurry,r4,31-Jul-19,24.41820302,36.60991482,1.941264428,2.910514147,8.636694092
143,HS1,ambient,disease_slurry,r4,31-Jul-19,12.02335626,18.02647181,1.071325632,1.606225491,9.781981702
144,HS1,heat,s_m_placebo,r4,31-Jul-19,20.53614261,30.78958886,1.263472309,1.894308667,6.555771926
145,HS1,heat,placebo_slurry,r4,31-Jul-19,22.48178188,33.70666215,1.77022825,2.654081686,8.547056785
146,HS1,heat,s_marcscens,r4,31-Jul-19,17.82232611,26.72079679,1.158746846,1.737295055,6.953769222
147,HS1,heat,disease_slurry,r4,31-Jul-19,27.25446696,40.86229086,3.549494661,5.321714177,14.97362923
148,HS1,heat,placebo_slurry,r4,31-Jul-19,20.68731988,31.01624711,1.530455395,2.294593161,7.989070424
149,HS1,heat,s_marcscens,r4,31-Jul-19,20.10780699,30.14739047,1.544889422,2.316233922,8.322449402
150,HS1,ambient,disease_slurry,r4,31-Jul-19,24.17223267,36.24113447,2.016259184,3.022952874,9.100296068
151,HS1,heat,s_m_placebo,r4,31-Jul-19,17.92372551,26.87282367,1.144801809,1.716387429,6.822856039
152,HS1,ambient,s_m_placebo,r4,31-Jul-19,18.52997097,27.78176012,1.287055075,1.929666021,7.464254206
153,HS1,heat,s_marcscens,r4,31-Jul-19,20.88812141,31.3173064,1.452892361,2.178303847,7.475560783
154,HS1,heat,disease_slurry,r4,31-Jul-19,25.00555133,37.49051899,1.58770976,2.380433934,6.77991503
156,HS1,ambient,s_marcscens,r4,31-Jul-19,15.10174966,22.6418696,1.175524432,1.762449484,8.441084446
157,HS1,ambient,placebo_slurry,r4,31-Jul-19,19.92851442,29.87857931,1.759305849,2.637705864,9.682897536
158,HS1,ambient,s_marcscens,r4,31-Jul-19,26.24477482,39.34847171,1.525848074,2.28768546,6.172792569
159,HS1,ambient,disease_slurry,r4,31-Jul-19,16.80479856,25.19523011,1.247449287,1.870285545,8.01839224
160,HS1,heat,s_marcscens,r4,31-Jul-19,15.10005967,22.63933582,0.808269492,1.211828619,5.655481095
161,HS1,ambient,s_m_placebo,r4,31-Jul-19,24.00876456,35.99604872,1.832336659,2.747200068,8.262541952
162,HS1,ambient,placebo_slurry,r4,31-Jul-19,34.33229826,51.47399724,2.573516403,3.858441844,8.103322143
163,CN2,heat,disease_slurry,r4,31-Jul-19,27.87807323,41.79725615,2.046303414,3.067997822,7.921653949
164,CN2,heat,placebo_slurry,r4,31-Jul-19,17.19349624,25.77799981,1.135244546,1.702058341,7.06954012
165,CN2,ambient,s_marcscens,r4,31-Jul-19,11.0582184,16.57945235,1.002490895,1.503022406,9.969352238
167,CN2,ambient,disease_slurry,r4,31-Jul-19,21.05681313,31.57022384,1.448875018,2.172280693,7.389226799
168,CN2,heat,s_m_placebo,r4,31-Jul-19,11.46012872,17.18203161,0.449463333,0.673874909,#VALUE!
169,ML2,ambient,placebo_slurry,r4,31-Jul-19,24.90307648,37.33687971,1.946305058,2.918071502,8.478130576
170,ML2,heat,disease_slurry,r4,31-Jul-19,24.08189503,36.10569235,1.741062868,2.610354384,7.79318718
172,ML2,heat,placebo_slurry,r4,31-Jul-19,28.55406919,42.81076867,1.535789656,2.302590753,5.684261479
173,ML2,heat,placebo_slurry,r4,31-Jul-19,20.61941302,30.91443517,1.296452548,1.943755538,6.709388812
174,ML2,heat,s_m_placebo,r4,31-Jul-19,18.64903844,27.96027653,1.519160087,2.277658243,8.868481467
176,CN4,ambient,s_m_placebo,r4,31-Jul-19,14.97192771,22.44722913,1.123982902,1.685173895,8.116604429
178,CN4,ambient,disease_slurry,r4,31-Jul-19,15.58355042,23.36422762,0.342552464,0.513584744,2.247572406
182,CN4,ambient,s_m_placebo,r4,31-Jul-19,31.97998597,47.94720403,1.669007409,2.502322511,5.506280195
184,CN4,heat,disease_slurry,r4,31-Jul-19,14.35753957,21.52608446,1.021416448,1.531397258,7.659020829
185,HS1,heat,placebo_slurry,r4,31-Jul-19,27.38121621,41.05232445,1.42964197,2.143444819,5.508883421
186,HS1,ambient,s_m_placebo,r4,31-Jul-19,23.51974294,35.26286455,1.856213276,2.782997989,8.568378765
187,HS1,ambient,s_marcscens,r4,31-Jul-19,19.44210461,29.14931099,1.663990549,2.494800794,9.359769794
188,HS1,heat,s_m_placebo,r4,31-Jul-19,21.54368385,32.30018319,0.926251281,1.38871728,4.492563648
190,HS1,heat,s_marcscens,r4,31-Jul-19,18.43840425,27.64447524,0.754411246,1.131079606,4.266068448